{"cameraMode":{"drawMode":0,"name":"Shaded","section":"Shading Mode"},"sceneLighting":true,"audioPlay":false,"sceneViewState":{"m_AlwaysRefresh":false,"showFog":true,"showSkybox":true,"showFlares":true,"showImageEffects":true,"showParticleSystems":true,"showVisualEffectGraphs":true,"m_FxEnabled":true},"in2DMode":false,"pivot":{"x":1307.2252197265625,"y":222.78846740722657,"z":1351.6068115234375},"rotation":{"x":0.00762410182505846,"y":-0.9057099223136902,"z":0.01630455069243908,"w":0.4235153794288635},"size":648.9993896484375,"orthographic":false}