{"cameraMode":{"drawMode":0,"name":"Shaded","section":"Shading Mode"},"sceneLighting":true,"audioPlay":false,"sceneViewState":{"m_AlwaysRefresh":false,"showFog":true,"showSkybox":true,"showFlares":true,"showImageEffects":true,"showParticleSystems":true,"showVisualEffectGraphs":true,"m_FxEnabled":true},"in2DMode":false,"pivot":{"x":1502.6331787109375,"y":77.55616760253906,"z":1767.5321044921875},"rotation":{"x":-0.07719393074512482,"y":0.9008410573005676,"z":-0.17932948470115663,"w":-0.38778001070022585},"size":0.09713268280029297,"orthographic":false}